No.,Ticker,Sector,Industry,Country,Market Cap,P/E,Fwd P/E,PEG,P/S,P/B,Cash/sh,EPS past 5Y,Sales past 5Y,Insider Trans,Inst Own,Inst Trans,Short Ratio,ROE,Quick R,Debt/Eq,Profit M,SMA50,52W High,52W Low,All-Time High,All-Time Low,Price,Insider 6M Sum,Insider 6M Sum > 100K,Any profit over 5 years
10,CUTR,Healthcare,Medical Devices,USA,54440000.0,-999,-999,-999,0.24,-999,9.0,-999,0.1467,0.0211,1.1131,-0.0073,2.66,-44.4726,2.81,-999,-0.3329,0.0031,-0.9269,0.9783,-0.9633,0.9783,2.73,346300.0,True,True
49,CMBM,Technology,Communication Equipment,USA,116770000.0,-999,-999,-999,0.44,0.9,0.99,0.1589,0.0594,0.0023,0.3462,0.0021,1.43,-0.1119,1.36,0.23,-0.055,-0.1199,-0.8155,0.1955,-0.9364,0.1955,4.22,200567.0,True,True
54,BW,Industrials,Specialty Industrial Machinery,USA,114390000.0,-999,51.2,-999,0.11,-999,0.61,0.6496,-0.0059,0.0945,0.8211,0.0589,1.19,-6.5727,1.09,-999,-0.1365,-0.1601,-0.8126,0.3402,-0.9947,0.6623,1.28,200449.0,True,True
60,TSE,Basic Materials,Specialty Chemicals,USA,211550000.0,-999,-999,-999,0.06,-999,7.91,-999,0.0828,0.1289,0.8586,-0.059,1.88,-2.3662,1.24,-999,-0.2102,-0.1172,-0.8032,0.1536,-0.9296,0.1536,6.01,763480.0,True,True
61,TPIC,Industrials,Specialty Industrial Machinery,USA,124300000.0,-999,-999,-999,0.08,-999,3.99,-999,0.1184,0.0181,0.987,0.1126,3.16,-0.5478,1.44,1.59,-0.1594,0.0061,-0.801,0.7914,-0.9641,0.7914,2.92,103841.0,True,True
65,SKIN,Consumer Defensive,Household & Personal Products,USA,368870000.0,-999,56.26,-999,0.92,4.14,4.26,-999,0.4351,0.0049,0.8121,-0.0093,2.13,-0.5113,5.27,8.36,-0.2227,-0.0142,-0.7978,1.0815,-0.9069,1.0815,2.81,1348188.0,True,True
69,SEDG,Technology,Solar,Israel,4080000000.0,19.68,70.88,1.52,1.15,1.64,18.1,-0.0272,0.3686,0.0422,0.9065,0.0173,2.3,0.0958,2.49,0.29,0.0613,-0.1228,-0.7922,0.136,-0.8156,5.3304,71.85,1610670.0,True,True
99,COMM,Technology,Communication Equipment,USA,486680000.0,-999,3.0,-999,0.06,-999,2.45,-999,0.2325,0.0688,0.904,-0.002,2.26,-18.3838,1.2,-999,-0.2674,0.0552,-0.7441,0.7127,-0.9463,0.7127,2.3,906835.0,True,True
102,IHRT,Communication Services,Broadcasting,USA,335610000.0,-999,22.91,-999,0.09,-999,1.48,0.1753,0.0317,0.0052,0.7644,-0.0056,6.57,-12.3276,1.82,-999,-0.2719,-0.0567,-0.7425,0.307,-0.9178,0.307,2.32,407016.0,True,True
117,TCS,Consumer Cyclical,Specialty Retail,USA,82750000.0,-999,24.0,-999,0.09,0.35,0.2,-999,0.0421,0.006,0.3909,-0.0158,1.96,-0.6593,0.29,2.49,-0.235,-0.2008,-0.7241,0.0667,-0.966,0.0667,1.6,255552.0,True,True
151,GLT,Basic Materials,Paper & Paper Products,USA,68090000.0,-999,-999,-999,0.05,0.27,1.25,-999,0.1543,2.3633,0.7898,-0.0402,5.96,-0.3614,1.15,3.37,-0.0726,-0.0261,-0.6896,0.1615,-0.9528,0.1615,1.51,2374207.0,True,True
152,PETS,Healthcare,Pharmaceutical Retailers,USA,148900000.0,-999,48.55,-999,0.55,1.31,2.53,-0.6368,-0.0101,0.0658,0.6172,-0.0886,6.82,-0.0483,1.64,0.02,-0.0225,-0.0444,-0.689,0.28,-0.8782,80.7624,7.04,451683.0,True,True
169,RILY,Financial,Financial Conglomerates,USA,601810000.0,-999,-999,-999,0.41,1.45,138.45,-999,0.3389,0.0114,0.4836,-0.0418,7.87,-0.1461,-999,5.94,-0.0521,-0.1264,-0.6759,0.182,-0.8727,124.9778,19.68,2002686.0,True,True
170,OLPX,Consumer Cyclical,Specialty Retail,USA,1510000000.0,19.44,13.0,-999,3.17,1.8,0.66,-999,0.7338,0.0001,0.1999,-0.0155,2.64,0.1024,8.68,0.78,0.17,0.0423,-0.6746,0.7175,-0.924,0.7175,2.31,150179.0,True,True
174,SHYF,Industrials,Farm & Heavy Construction Machinery,USA,384730000.0,13.75,19.5,0.92,0.4,1.5,0.29,0.1749,0.1806,0.0104,0.8549,0.0129,2.8,0.1138,1.05,0.52,0.0296,-0.0315,-0.671,0.0799,-0.7941,65.8855,11.22,493572.0,True,True
181,BCOV,Technology,Software - Application,USA,106500000.0,-999,25.79,-999,0.53,1.15,0.38,0.1768,0.0645,0.0681,0.7694,0.0016,3.25,-0.2635,0.64,0.24,-0.1287,-0.0105,-0.6685,0.1667,-0.9039,0.1667,2.45,411402.0,True,True
201,HROW,Healthcare,Drug Manufacturers - Specialty & Generic,USA,343120000.0,-999,62.36,-999,3.01,4.53,2.1,0.0303,0.2243,0.0156,0.7756,-0.0457,7.63,-0.3692,5.33,2.5,-0.1244,-0.0376,-0.6542,0.2855,-0.9389,18.54,9.77,990926.0,True,True
203,AMRC,Industrials,Engineering & Construction,USA,1200000000.0,26.18,12.34,0.96,0.94,1.38,3.15,0.1676,0.2426,0.0032,0.6402,-0.0038,6.43,0.0559,1.13,1.71,0.0368,-0.2021,-0.6526,0.2435,-0.7754,4.8517,22.88,1150057.0,True,True
213,CNTY,Consumer Cyclical,Resorts & Casinos,USA,112030000.0,-999,-999,-999,0.22,0.87,6.23,0.0109,0.2678,0.0097,0.6284,-0.0111,6.78,-0.1565,2.39,7.89,-0.042,-0.1762,-0.6455,0.1048,-0.7756,8.84,3.69,236815.0,True,True
217,ASYS,Technology,Semiconductor Equipment & Materials,USA,60880000.0,-999,-999,-999,0.54,0.69,0.93,-999,0.047,0.021,0.4696,-0.0081,0.6,-0.1348,1.56,0.25,-0.111,-0.2513,-0.6419,0.1941,-0.8607,3.576,4.29,792055.0,True,True
227,SLQT,Financial,Insurance Brokers,USA,179470000.0,-999,-999,-999,0.17,0.57,-999,-999,0.3806,0.0189,0.3504,0.0171,2.21,-0.1399,-999,2.29,-0.0439,-0.1854,-0.6361,0.6398,-0.9676,1.098,1.07,759170.0,True,True
234,UEIC,Technology,Consumer Electronics,USA,123800000.0,-999,28.97,-999,0.28,0.68,4.64,-999,-0.0489,0.125,0.6815,-0.0191,1.9,-0.4365,1.04,0.5,-0.22,0.1485,-0.631,0.3618,-0.8811,4.0987,9.56,2167407.0,True,True
257,ASPS,Real Estate,Real Estate Services,Luxembourg,81350000.0,-999,-999,-999,0.53,-999,1.38,-999,-0.3213,0.0059,0.2311,-0.0305,6.63,-999,-999,-999,-0.3538,-0.1595,-0.6167,0.2872,-0.982,0.2872,3.07,300002.0,True,True
276,SPWH,Consumer Cyclical,Specialty Retail,USA,152630000.0,-999,-999,-999,0.12,0.56,0.08,0.1883,0.1394,0.1041,0.9501,-0.0691,4.7,-0.0332,0.09,2.01,-0.0071,-0.1068,-0.5986,0.3691,-0.779,0.3691,4.08,571111.0,True,True
281,DDD,Technology,Computer Hardware,USA,687160000.0,-999,97.54,-999,1.36,0.98,3.34,-0.1021,-0.055,0.024,0.6537,-0.0184,4.93,-0.1335,4.25,0.76,-0.1892,-0.0579,-0.5935,0.4714,-0.9471,9.3,5.15,493400.0,True,True
282,BWEN,Industrials,Specialty Industrial Machinery,USA,53120000.0,14.74,-999,0.61,0.27,0.99,0.08,-0.1484,0.1207,0.0164,0.3311,0.2121,1.41,0.0724,0.71,0.9,0.0189,0.0052,-0.5934,0.2338,-0.9914,2.72,2.48,129503.0,True,True
296,GRWG,Consumer Cyclical,Specialty Retail,USA,148980000.0,-999,-999,-999,0.65,0.74,1.09,-0.7178,1.0045,0.2669,0.4311,-0.0188,3.01,-0.1587,2.17,0.22,-0.148,-0.0264,-0.5874,0.3729,-0.9641,0.62,2.43,1976973.0,True,True
319,GNSS,Technology,Scientific & Technical Instruments,USA,76170000.0,-999,37.07,-999,1.63,1.9,0.25,-0.3399,0.135,0.2714,0.4241,-0.0143,2.46,-0.4369,1.63,0.16,-0.3942,0.0038,-0.5749,0.1368,-0.8833,4.833,1.73,2967750.0,True,True
323,BHR,Real Estate,REIT - Hotel & Motel,USA,157720000.0,-999,-999,-999,0.22,0.46,3.13,-999,0.2704,0.0037,0.651,0.0277,4.8,-0.0142,-999,1.49,-0.077,0.0243,-0.5732,0.2513,-0.8962,1.0965,2.39,201226.0,True,True
329,NOTV,Healthcare,Diagnostics & Research,USA,93620000.0,-999,-999,-999,0.16,0.35,1.38,-1.8424,1.3362,0.0099,0.2512,-0.0915,4.04,-0.334,1.05,1.55,-0.1837,0.1939,-0.5691,1.2547,-0.9402,5.05,3.63,163981.0,True,True
330,SUP,Consumer Cyclical,Auto Parts,USA,89330000.0,-999,2.04,-999,0.06,-999,6.28,-999,0.0395,0.0197,0.2543,-0.0035,1.12,-0.5159,1.49,4.07,-0.0759,0.0808,-0.5691,0.2771,-0.9409,10.3488,3.18,488034.0,True,True
377,OPK,Healthcare,Diagnostics & Research,USA,780790000.0,-999,-999,-999,0.9,0.54,0.18,0.0351,0.0761,0.0199,0.2456,-0.0275,2.99,-0.1351,1.44,0.21,-0.2394,-0.2738,-0.5491,0.186,-0.9474,3.8095,1.01,7786632.0,True,True
378,RMAX,Real Estate,Real Estate Services,USA,199730000.0,-999,8.17,-999,0.6,0.48,6.62,-0.109,0.1453,0.2758,0.9043,-0.08,1.03,-0.1306,-999,1.17,-0.1799,0.008,-0.549,0.2718,-0.8378,0.2718,10.95,4078251.0,True,True
406,HAIN,Consumer Defensive,Packaged Foods,USA,919530000.0,-999,18.17,-999,0.52,0.94,0.43,-999,-0.0597,0.0674,0.9497,0.0563,2.63,-0.1324,1.02,0.94,-0.0751,-0.0545,-0.537,0.0951,-0.8549,7.2,10.25,824794.0,True,True
408,MATV,Basic Materials,Specialty Chemicals,USA,730620000.0,-999,10.25,-999,0.29,1.09,1.56,-999,0.2195,0.0068,0.9403,0.8559,2.0,-0.5259,1.36,2.67,-0.1854,-0.008,-0.535,0.1621,-0.7878,1.3443,13.48,143860.0,True,True
412,CYH,Healthcare,Medical Care Facilities,USA,511630000.0,2.07,35.45,-999,0.04,-999,0.67,-999,-0.0345,0.1006,0.8081,-0.0765,2.67,-999,1.36,-999,0.0188,0.2618,-0.5331,0.8607,-0.9301,1.0894,3.74,2110000.0,True,True
416,DOUG,Real Estate,Real Estate Services,USA,209280000.0,-999,-999,-999,0.22,0.85,1.48,-999,0.1573,0.0093,0.5042,-0.0028,0.6,-0.174,-999,0.55,-0.0491,0.039,-0.5298,0.5032,-0.8043,0.5032,2.36,315273.0,True,True
424,KRMD,Healthcare,Medical Instruments & Supplies,USA,96820000.0,-999,-999,-999,3.38,3.53,0.24,-999,0.1344,0.0245,0.5614,0.0109,7.7,-0.2754,4.03,0.17,-0.2878,-0.0658,-0.5268,0.06,-0.8349,140.3333,2.12,114742.0,True,True
452,EP,Energy,Oil & Gas E&P,USA,149930000.0,-999,-999,-999,3.84,7.96,0.48,-999,5.0266,0.2258,0.4275,0.5859,7.84,-0.4623,1.0,0.89,-0.2552,-0.2271,-0.5137,0.1572,-0.9358,203.6875,6.55,10076607.0,True,True
464,HQI,Industrials,Staffing & Employment Services,USA,201410000.0,22.59,17.05,-999,5.57,3.21,0.08,0.2251,0.2907,0.0056,0.1033,-0.0724,7.11,0.1449,1.51,0.24,0.2444,-0.0283,-0.5068,0.1601,-0.8636,23.15,14.49,829608.0,True,True
503,VFC,Consumer Cyclical,Apparel Manufacturing,USA,6410000000.0,-999,8.5,-999,0.56,2.9,1.29,-0.3444,0.0021,0.0036,0.8964,0.0046,2.85,-0.0813,0.78,3.53,-0.0189,-0.0494,-0.4868,0.2833,-0.8355,36.0656,16.49,1361448.0,True,True
508,BALY,Consumer Cyclical,Resorts & Casinos,USA,500000000.0,-999,-999,-999,0.21,0.56,6.53,-999,0.7904,0.0124,0.6755,-0.1428,3.64,-0.3989,0.64,5.42,-0.1643,-0.098,-0.486,0.5055,-0.8556,0.518,10.96,760257.0,True,True
513,AMRN,Healthcare,Drug Manufacturers - General,Ireland,469830000.0,-999,-999,-999,1.45,0.85,0.79,-0.0085,0.2237,0.1607,0.2819,-0.0729,5.86,-0.0921,1.74,0.02,-0.1623,0.3388,-0.4843,0.7665,-0.9992,1.5,1.15,285352.0,True,True
546,TNDM,Healthcare,Medical Devices,USA,1580000000.0,-999,-999,-999,2.05,5.04,7.64,0.3516,0.4741,0.0262,1.0838,0.0196,3.3,-0.5666,3.28,1.33,-0.2702,0.0328,-0.4716,0.7569,-0.9197,10.3458,24.28,241507.0,True,True
584,FNKO,Consumer Cyclical,Leisure,USA,366480000.0,-999,-999,-999,0.32,1.52,0.63,-999,0.2105,0.0788,0.6346,0.0526,7.92,-0.5812,0.58,1.68,-0.1631,0.0318,-0.4583,0.3795,-0.7664,1.3301,7.27,8868932.0,True,True
615,HHS,Industrials,Conglomerates,USA,55880000.0,2.54,10.98,-999,0.28,2.72,1.98,-999,-0.0656,0.0261,0.3767,0.1782,1.25,2.7558,1.61,0.93,0.117,0.0973,-0.4479,0.548,-0.9754,6.0364,7.74,499095.0,True,True
657,GOCO,Financial,Insurance Brokers,USA,123770000.0,-999,-999,-999,0.23,0.54,2.76,-999,0.4542,0.0043,0.5519,-0.0809,12.95,-0.4465,-999,2.6,-0.2391,-0.0459,-0.4328,0.8383,-0.9671,1.6261,12.96,100275.0,True,True
667,AMPY,Energy,Oil & Gas E&P,USA,228340000.0,0.63,5.46,0.04,0.7,0.66,0.16,-999,0.2776,0.0226,0.4016,0.0224,2.1,2.3235,0.72,0.37,1.102,-0.029,-0.4291,0.0686,-0.7664,10.8579,5.84,129249.0,True,True
676,EHTH,Financial,Insurance Brokers,USA,172430000.0,-999,-999,-999,0.43,0.31,5.66,-999,0.2104,0.0033,0.6796,-0.1331,1.91,-0.0688,-999,0.12,-0.2382,-0.2356,-0.4248,0.264,-0.96,1.2772,6.08,105705.0,True,True
710,VOXX,Technology,Consumer Electronics,USA,194810000.0,-999,-999,-999,0.39,0.62,0.46,-1.0406,0.032,0.0028,0.4295,-0.0792,9.85,-0.114,0.84,0.16,-0.0787,-0.1703,-0.4156,0.1898,-0.8811,7.62,8.62,31672250.0,True,True
752,SAFE,Real Estate,REIT - Diversified,USA,1500000000.0,-999,13.92,-999,5.33,0.66,0.56,-0.823,-0.3174,0.002,0.647,0.0175,7.79,-0.0897,-999,1.77,-0.6494,0.0055,-0.4062,0.4067,-0.9047,10.5076,21.1,948594.0,True,True
754,UFI,Consumer Cyclical,Textile Manufacturing,USA,113430000.0,-999,9.63,-999,0.19,0.37,2.84,-999,-0.0027,0.1078,0.5644,-0.085,2.6,-0.1585,2.02,0.49,-0.0888,-0.033,-0.4058,0.0701,-0.9522,3.7424,6.26,2095403.0,True,True
773,MX,Technology,Semiconductors,South Korea,272100000.0,-999,-999,-999,1.11,0.79,4.3,-999,-0.1665,0.0235,0.7522,-0.0038,2.0,-0.072,5.12,0.01,-0.1123,-0.0048,-0.399,0.0867,-0.7398,1.2645,7.02,310924.0,True,True
779,AES,Utilities,Utilities - Diversified,USA,11240000000.0,-999,8.8,-999,0.88,5.79,3.98,0.0038,0.0456,0.0255,0.9455,0.0033,2.3,-0.1271,0.74,6.52,-0.0439,-0.0647,-0.3944,0.4681,-0.7695,17.2391,16.78,1418574.0,True,True
794,PRCH,Technology,Software - Application,USA,241240000.0,-999,-999,-999,0.64,-999,3.95,-999,0.6985,0.113,0.4739,-0.1374,5.03,-4.283,1.01,-999,-0.4395,0.1408,-0.3885,3.9293,-0.9113,3.9293,2.44,1874860.0,True,True
798,ULBI,Industrials,Electrical Equipment & Parts,USA,118630000.0,28.67,-999,1.64,0.79,0.97,0.57,-999,0.1219,0.0102,0.2893,-0.0228,2.01,0.0346,1.63,0.23,0.0273,0.0095,-0.3873,0.8808,-0.7091,3.7143,7.26,542033.0,True,True
803,NEWT,Financial,Banks - Regional,USA,315000000.0,12.62,6.93,4.21,1.79,1.52,6.21,-0.099,0.128,0.0118,0.159,-0.1081,12.95,0.103,-999,5.22,0.143,-0.0646,-0.3865,0.1888,-0.7547,308.6519,12.78,232323.0,True,True
828,MPAA,Consumer Cyclical,Auto Parts,USA,193750000.0,-999,7.97,-999,0.28,0.6,0.63,-999,0.0996,0.197,0.7917,0.0097,8.95,-0.0028,0.52,0.78,-0.0013,0.0759,-0.3774,1.3192,-0.7592,23.32,9.88,1073777.0,True,True
839,OFIX,Healthcare,Medical Devices,USA,519790000.0,-999,-999,-999,0.78,0.84,0.92,-999,0.0084,0.0052,0.965,-0.0057,3.23,-0.2872,1.13,0.18,-0.2039,0.1576,-0.3749,0.4768,-0.81,1.5138,14.14,101025.0,True,True
849,BYON,Consumer Cyclical,Internet Retail,USA,1120000000.0,-999,-999,-999,0.71,2.16,7.18,0.2858,0.0788,0.3239,0.6923,-0.1173,2.91,-0.2743,1.74,0.08,-0.1034,0.1179,-0.3723,0.798,-0.8082,8.7431,24.65,2860538.0,True,True
903,WBD,Communication Services,Entertainment,USA,25530000000.0,-999,-999,-999,0.61,0.57,1.01,-0.3819,0.483,0.0002,0.6074,-0.0,3.71,-0.1035,0.88,1.0,-0.1148,-0.0487,-0.3592,0.1294,-0.866,1.0455,10.47,535420.0,True,True
925,BLFS,Healthcare,Medical Instruments & Supplies,USA,782970000.0,-999,-999,-999,5.06,2.29,0.91,-0.7411,0.7447,0.9449,0.9946,0.052,7.17,-0.2762,1.72,0.13,-0.6604,0.2055,-0.3537,0.9484,-0.9874,123.1429,17.38,10106974.0,True,True
927,LFVN,Consumer Defensive,Packaged Foods,USA,71560000.0,28.23,8.66,2.35,0.34,2.44,1.45,-0.1319,0.0119,0.0214,0.2974,0.0984,1.87,0.0836,1.06,0.48,0.012,-0.0709,-0.3521,0.9569,-0.958,11.4979,5.63,276952.0,True,True
975,HRTG,Financial,Insurance - Property & Casualty,USA,193950000.0,6.11,4.9,-999,0.27,1.14,-999,-1.6874,0.0847,0.0091,0.3333,-0.1262,1.02,0.1997,-999,1.0,0.0372,-0.1157,-0.3412,2.4309,-0.7636,4.7589,6.45,499986.0,True,True
984,GCI,Communication Services,Publishing,USA,354330000.0,17.51,136.94,-999,0.13,1.09,0.74,-1.0116,0.2268,0.0153,0.6403,0.0045,16.02,0.0871,0.77,4.05,0.0102,0.1031,-0.3389,0.4691,-0.9076,2.7778,2.38,753800.0,True,True
1001,ORC,Real Estate,REIT - Mortgage,USA,439570000.0,-999,-999,-999,2.77,0.94,7.2,-999,-0.1867,0.3524,0.2926,0.2352,2.44,-0.0725,-999,9.48,-0.1978,0.0562,-0.3365,0.4237,-0.8722,0.4237,8.4,346751.0,True,True
1068,POWW,Industrials,Aerospace & Defense,USA,253500000.0,-999,428.0,-999,1.68,0.7,0.42,0.2517,1.8871,0.0006,0.2453,-0.086,2.98,-0.0422,2.77,0.04,-0.1241,0.0038,-0.3206,0.3631,-0.9893,84.6,2.14,128098.0,True,True
1084,SIRI,Communication Services,Entertainment,USA,20810000000.0,16.63,17.49,2.48,2.33,-999,0.01,0.1685,0.1248,0.0001,0.108,-0.0506,13.58,-999,0.33,-999,0.142,0.06,-0.3182,0.6325,-0.9175,109.1614,5.42,1026900.0,True,True
1172,FARO,Technology,Scientific & Technical Instruments,USA,405530000.0,-999,39.04,-999,1.11,1.57,4.22,-0.1092,-0.0307,0.0438,0.9734,-0.0239,4.48,-0.2163,1.93,0.34,-0.166,0.0772,-0.3002,1.0777,-0.7814,19.1887,21.4,514826.0,True,True
1183,MMLP,Energy,Oil & Gas Midstream,USA,91440000.0,-999,29.37,-999,0.11,-999,0.0,-999,0.0228,0.0754,0.3521,0.0113,2.55,-999,0.87,-999,-0.0062,-0.0496,-0.2985,0.2051,-0.9519,1.5967,2.35,1023896.0,True,True
1210,HOUS,Real Estate,Real Estate Services,USA,770120000.0,-999,91.13,-999,0.13,0.43,1.43,-999,0.0558,0.0081,1.0127,-0.0322,5.66,-0.2217,-999,1.79,-0.0776,0.0866,-0.2924,0.7042,-0.8739,2.3349,6.97,160125.0,True,True
1226,HGBL,Financial,Capital Markets,USA,107740000.0,6.16,8.97,-999,1.82,1.9,0.42,-999,0.2276,0.0082,0.3623,-0.1037,0.28,0.3709,1.47,0.21,0.2971,0.0311,-0.2892,0.2889,-0.9928,-999,2.9,155565.0,True,True
1231,GRPN,Communication Services,Internet Content & Information,USA,368190000.0,-999,16.92,-999,0.7,-999,3.18,-999,-0.3045,0.0215,0.4956,-0.0871,3.84,-5.8421,0.48,-999,-0.2635,-0.0145,-0.2886,3.0,-0.9814,3.0,11.56,3069745.0,True,True
1264,STXS,Healthcare,Medical Instruments & Supplies,USA,160140000.0,-999,-999,-999,5.43,8.56,0.28,0.042,0.0063,0.0154,0.4763,-0.0202,2.88,-0.6879,2.2,0.23,-0.7174,0.1477,-0.2787,0.4887,-0.9871,3.2128,1.98,305084.0,True,True
1336,EPSN,Energy,Oil & Gas E&P,USA,104370000.0,7.99,-999,-999,2.79,1.05,1.42,0.4109,0.3001,0.0272,0.6436,-0.0001,5.36,0.1402,7.33,0.01,0.3667,-0.0891,-0.2629,-0.0021,-0.7342,6.8239,4.71,143081.0,True,True
1355,SQ,Technology,Software - Infrastructure,USA,40950000000.0,-999,21.4,-999,1.97,2.29,11.15,-0.4134,0.5741,0.0062,0.5961,-0.0012,1.57,-0.0164,1.9,0.25,-0.0136,0.0101,-0.2588,0.7166,-0.7694,7.2732,66.69,23103297.0,True,True
1400,PGRE,Real Estate,REIT - Office,USA,1100000000.0,-999,-999,-999,1.5,0.32,2.16,-999,-0.006,0.0022,0.675,-0.0365,5.45,-0.0259,-999,1.12,-0.1255,0.0221,-0.2493,0.2974,-0.7496,0.2974,5.06,326490.0,True,True
1472,GAIA,Communication Services,Entertainment,USA,66730000.0,-999,-999,-999,0.84,0.71,0.49,0.3725,0.1862,0.0194,0.2599,0.0571,1.15,-0.0489,0.49,0.26,-0.0551,0.0681,-0.2368,0.3744,-0.9056,0.4146,2.9,453138.0,True,True
1478,LOVE,Consumer Cyclical,"Furnishings, Fixtures & Appliances",USA,366180000.0,18.55,11.55,0.62,0.53,1.97,2.44,-999,0.4542,0.0787,0.9618,-0.0563,9.5,0.1196,0.64,0.87,0.0298,0.0366,-0.2358,0.6671,-0.7525,4.9174,23.64,3795508.0,True,True
1544,LC,Financial,Credit Services,USA,927640000.0,17.27,25.3,-999,0.73,0.77,12.31,-999,0.0991,0.0288,0.7315,0.015,1.58,0.045,-999,0.08,0.0412,0.1701,-0.2253,0.7886,-0.9422,0.9606,8.46,623109.0,True,True
1618,CTRN,Consumer Cyclical,Apparel Retail,USA,234080000.0,-999,-999,-999,0.32,1.53,6.99,0.474,0.0209,1.1063,0.9973,-0.0966,12.15,-0.0571,0.48,1.59,-0.012,0.0675,-0.2155,0.9296,-0.754,3.091,27.41,10042378.0,True,True
1736,FSP,Real Estate,REIT - Office,USA,258580000.0,-999,-999,-999,1.66,0.36,0.13,-999,-0.115,0.0056,0.6531,-0.0129,0.98,-0.0735,-999,0.55,-0.3503,0.0126,-0.2009,1.2387,-0.8726,1.2387,2.5,244402.0,True,True
1747,GEG,Financial,Asset Management,USA,60160000.0,1.87,-999,0.09,5.95,0.86,3.65,-999,1.56,0.1546,0.6023,0.0145,0.54,0.5686,23.46,0.94,3.8646,-0.006,-0.1992,0.2138,-0.9997,0.4733,1.93,1116586.0,True,True
1797,KFS,Consumer Cyclical,Auto & Truck Dealerships,USA,241880000.0,7.53,-999,0.75,2.3,7.42,1.04,-999,0.1531,0.0018,0.4606,0.0024,8.48,0.8873,-999,1.33,0.2803,0.0822,-0.1934,0.368,-0.91,5.7857,8.55,116002.0,True,True
1840,ADES,Industrials,Pollution & Treatment Controls,USA,101860000.0,-999,-999,-999,1.08,0.58,1.58,-999,0.601,0.0208,0.1655,-0.0276,0.19,-0.118,3.31,0.18,-0.1996,0.1842,-0.1878,1.6239,-0.8947,2.07,3.07,415167.0,True,True
1993,CRWS,Consumer Cyclical,"Furnishings, Fixtures & Appliances",USA,50890000.0,11.58,-999,2.32,0.62,1.01,0.18,0.1323,0.0178,0.096,0.3566,0.0036,1.25,0.0888,1.72,0.52,0.0533,0.0249,-0.1704,0.2092,-0.7085,33.709,4.97,397586.0,True,True
2011,FLWS,Consumer Cyclical,Specialty Retail,USA,717150000.0,-999,23.89,-999,0.36,1.62,0.13,-999,0.1312,0.0015,0.3697,-0.0219,4.78,-0.0918,0.4,0.81,-0.0213,0.1509,-0.1685,0.8494,-0.721,12.0,11.05,342450.0,True,True
2018,TLS,Technology,Software - Infrastructure,USA,304240000.0,-999,-999,-999,2.01,1.85,1.44,-999,0.1314,0.0137,0.5908,0.0105,1.12,-0.2713,4.57,0.07,-0.305,0.0945,-0.1676,1.8562,-0.8956,1.8562,4.37,562941.0,True,True
2039,HFFG,Consumer Defensive,Food Distribution,USA,296200000.0,-999,-999,-999,0.26,1.02,0.26,-0.5542,0.4172,0.0092,0.1648,-0.0224,6.85,-0.0282,0.5,0.68,-0.0071,0.0821,-0.1649,0.5996,-0.8437,0.5996,5.47,662421.0,True,True
2102,CCL,Consumer Cyclical,Travel Services,USA,21020000000.0,-999,12.39,-999,0.97,3.02,1.92,-999,2.2574,0.0016,0.4753,0.0932,3.22,-0.0106,0.41,4.63,-0.0034,0.0118,-0.157,0.9881,-0.7711,7.5508,16.64,5114894.0,True,True
2273,CULP,Consumer Cyclical,Textile Manufacturing,USA,64350000.0,-999,14.33,-999,0.28,0.77,1.3,-999,-0.054,0.0251,0.496,-0.0138,2.04,-0.2091,1.06,0.06,-0.0847,-0.0457,-0.139,0.2286,-0.8626,3.3227,5.16,183147.0,True,True
2339,BVS,Healthcare,Medical Devices,USA,302890000.0,-999,14.4,-999,0.6,1.71,0.43,-0.8253,0.135,0.0146,0.3172,0.0206,4.98,-0.4706,0.94,2.31,-0.3621,0.0491,-0.1322,5.0133,-0.7588,5.0133,4.81,1767090.0,True,True
2503,SMLR,Healthcare,Medical Devices,USA,306200000.0,17.91,10.32,-999,4.58,4.24,8.16,-999,0.2864,0.0513,0.5737,0.4029,3.72,0.318,7.45,0.0,0.2926,0.0702,-0.1173,1.3311,-0.7091,38.7804,44.57,2147273.0,True,True
2744,TGI,Industrials,Aerospace & Defense,USA,1200000000.0,-999,18.83,-999,0.86,-999,2.21,-999,-0.1355,0.0074,0.9354,-0.0588,3.36,-999,1.47,-999,-0.0186,0.2135,-0.095,1.2329,-0.8172,4.1755,15.63,187181.0,True,True
2753,GEL,Energy,Oil & Gas Midstream,USA,1420000000.0,26.02,10.43,0.59,0.46,2.56,0.33,-999,0.0161,0.0011,0.6464,-0.0514,5.12,0.1039,0.94,2.59,0.0175,-0.0258,-0.0939,0.4385,-0.7985,5.7382,11.58,203784.0,True,True
2939,TTSH,Consumer Cyclical,Home Improvement Retail,USA,313940000.0,28.22,-999,1.41,0.83,2.65,0.38,0.0871,0.0282,0.0237,0.434,-0.2518,4.67,0.0905,0.36,1.19,0.0286,0.0543,-0.0808,0.7322,-0.7523,75.4824,7.05,2785035.0,True,True
3005,SPB,Consumer Defensive,Household & Personal Products,USA,2780000000.0,1.76,17.79,0.1,0.95,1.1,52.6,0.1707,-0.0384,0.049,1.0144,-0.0535,4.3,-0.1237,3.22,0.67,0.6181,0.0415,-0.076,0.3896,-0.9109,9.4251,78.77,4015177.0,True,True
3398,AXR,Real Estate,Real Estate - Development,USA,112510000.0,6.06,-999,-999,2.75,0.99,4.12,1.6854,0.4662,0.0368,0.3639,-0.0056,3.05,0.1847,-999,0.0,0.4568,0.0995,-0.0543,0.8124,-0.8537,10.6843,21.35,1823065.0,True,True
3608,ADV,Communication Services,Advertising Agencies,USA,1290000000.0,-999,8.08,-999,0.3,1.2,0.57,-999,0.0886,0.0018,0.1864,-0.0731,8.54,-0.8332,1.76,1.78,-0.3542,0.241,-0.0403,2.5044,-0.7155,2.5044,3.96,900092.0,True,True
3682,NRP,Energy,Thermal Coal,USA,1240000000.0,8.46,-999,-999,4.17,2.51,1.46,0.276,0.2113,0.0007,0.2877,0.0157,6.4,0.4888,1.14,0.38,0.6366,0.1708,-0.0351,1.2028,-0.7562,19.9647,98.42,222795.0,True,True
3763,ACR,Real Estate,REIT - Mortgage,USA,84260000.0,-999,4.51,-999,0.39,0.19,11.86,-999,0.3434,0.0509,0.3667,-0.0473,0.5,0.0301,-999,4.07,-0.0288,0.134,-0.0283,0.5045,-0.956,2.4947,9.96,949288.0,True,True
3994,CFBK,Financial,Banks - Regional,USA,142350000.0,8.1,-999,-999,1.37,0.76,-999,0.7032,0.3948,0.0022,0.2407,-0.0135,1.84,0.1214,-999,0.86,0.1669,0.2255,-0.0136,0.4777,-0.9562,2.5868,21.7,100002.0,True,True
4228,PAGP,Energy,Oil & Gas Midstream,USA,3280000000.0,20.55,10.55,-999,0.07,2.14,1.33,-999,0.21,0.0118,0.9171,0.0144,5.14,0.125,0.84,5.41,0.0039,0.0502,0.0,0.4165,-0.8052,4.4934,16.7,1006694.0,True,True
